{
    "parts": {
        "ear": {
            "frameCount": 20,
            "height": 472,
            "position": {
                "positionX": [
                    {
                        "index": 74,
                        "x": 305.5,
                        "y": 500.25
                    },
                    {
                        "index": 77,
                        "x": 512,
                        "y": 499.75
                    }
                ],
                "positionY": [
                ]
            },
            "positionRelationType": 1,
            "positionType": 1,
            "rotateCenter": [
                {
                    "index": 46,
                    "x": 410,
                    "y": 604.05
                }
            ],
            "scale": {
                "scaleX": {
                    "pointA": [
                        {
                            "index": 74,
                            "x": 305.5,
                            "y": 500.25
                        }
                    ],
                    "pointB": [
                        {
                            "index": 77,
                            "x": 512,
                            "y": 499.75
                        }
                    ]
                },
                "scaleY": {
                    "pointA": [
                    ],
                    "pointB": [
                    ]
                }
            },
            "triggerDelay": 0,
            "triggerLoop": 0,
            "triggerStop": false,
            "triggerType": 0,
            "width": 840,
            "zPosition": 3
        },
        "face": {
            "frameCount": 18,
            "height": 222,
            "position": {
                "positionX": [
                    {
                        "index": 46,
                        "x": 287,
                        "y": 67.01
                    }
                ],
                "positionY": [
                ]
            },
            "positionRelationType": 1,
            "positionType": 1,
            "rotateCenter": [
                {
                    "index": 46,
                    "x": 287,
                    "y": 67.01
                }
            ],
            "scale": {
                "scaleX": {
                    "pointA": [
                        {
                            "index": 74,
                            "x": 182.5,
                            "y": -36.75
                        }
                    ],
                    "pointB": [
                        {
                            "index": 77,
                            "x": 389,
                            "y": -37.25
                        }
                    ]
                },
                "scaleY": {
                    "pointA": [
                    ],
                    "pointB": [
                    ]
                }
            },
            "triggerDelay": 0,
            "triggerLoop": 0,
            "triggerStop": false,
            "triggerType": 0,
            "width": 576,
            "zPosition": 2
        },
        "hand": {
            "frameCount": 39,
            "height": 560,
            "position": {
                "positionX": [
                    {
                        "index": 98,
                        "x": 295.34,
                        "y": 44.96
                    }
                ],
                "positionY": [
                ]
            },
            "positionRelationType": 1,
            "positionType": 1,
            "rotateCenter": [
                {
                    "index": 46,
                    "x": 295,
                    "y": -71.99
                }
            ],
            "scale": {
                "scaleX": {
                    "pointA": [
                        {
                            "index": 74,
                            "x": 190.5,
                            "y": -175.88
                        }
                    ],
                    "pointB": [
                        {
                            "index": 77,
                            "x": 397,
                            "y": -176.12
                        }
                    ]
                },
                "scaleY": {
                    "pointA": [
                    ],
                    "pointB": [
                    ]
                }
            },
            "triggerDelay": 0,
            "triggerLoop": 0,
            "triggerStop": false,
            "triggerType": 0,
            "width": 622,
            "zPosition": 0
        },
        "tooth": {
            "frameCount": 5,
            "height": 109,
            "position": {
                "positionX": [
                    {
                        "index": 98,
                        "x": 62.46,
                        "y": 39.96
                    }
                ],
                "positionY": [
                ]
            },
            "positionRelationType": 1,
            "positionType": 1,
            "rotateCenter": [
                {
                    "index": 46,
                    "x": 62,
                    "y": -76.99
                }
            ],
            "scale": {
                "scaleX": {
                    "pointA": [
                        {
                            "index": 74,
                            "x": -42.5,
                            "y": -180.88
                        }
                    ],
                    "pointB": [
                        {
                            "index": 77,
                            "x": 164,
                            "y": -181.12
                        }
                    ]
                },
                "scaleY": {
                    "pointA": [
                    ],
                    "pointB": [
                    ]
                }
            },
            "triggerDelay": 0,
            "triggerLoop": 0,
            "triggerStop": false,
            "triggerType": 0,
            "width": 131,
            "zPosition": 1
        }
    },
    "version": "1.1"
}
