{
    "parts": {
        "bg": {
            "enable": true,
            "frameCount": 34,
            "height": 800,
            "position": {
                "positionX": [
                    {
                        "index": 106,
                        "x": 0,
                        "y": 0
                    },
                    {
                        "index": 107,
                        "x": 447.498,
                        "y": 0
                    }
                ],
                "positionY": [
                ]
            },
            "positionRelationType": 0,
            "positionType": 65536,
            "rotateCenter": [
                {
                    "x": 225,
                    "y": 400
                }
            ],
            "scale": {
                "scaleX": {
                    "pointA": [
                        {
                            "index": 106,
                            "x": 0,
                            "y": 0
                        }
                    ],
                    "pointB": [
                        {
                            "index": 107,
                            "x": 447.498,
                            "y": 0
                        }
                    ]
                },
                "scaleY": {
                    "pointA": [
                    ],
                    "pointB": [
                    ]
                }
            },
            "triggerDelay": 0,
            "triggerLoop": 0,
            "triggerStop": false,
            "triggerType": 65536,
            "width": 450,
            "zPosition": 0
        },
        "glass": {
            "enable": true,
            "frameCount": 1,
            "height": 282,
            "position": {
                "positionX": [
                    {
                        "index": 43,
                        "x": 304.799,
                        "y": 84.5
                    }
                ],
                "positionY": [
                ]
            },
            "positionRelationType": 1,
            "positionType": 1,
            "rotateCenter": [
                {
                    "index": 46,
                    "x": 305,
                    "y": 195.100
                }
            ],
            "scale": {
                "scaleX": {
                    "pointA": [
                        {
                            "index": 74,
                            "x": 200.5,
                            "y": 91.199
                        }
                    ],
                    "pointB": [
                        {
                            "index": 77,
                            "x": 407,
                            "y": 90.800
                        }
                    ]
                },
                "scaleY": {
                    "pointA": [
                    ],
                    "pointB": [
                    ]
                }
            },
            "triggerDelay": 0,
            "triggerLoop": 0,
            "triggerStop": false,
            "triggerType": 0,
            "width": 600,
            "zPosition": 1
        },
        "logo": {
            "enable": true,
            "frameCount": 30,
            "height": 626,
            "position": {
                "positionX": [
                    {
                        "index": 114,
                        "x": 338.471,
                        "y": 359.683
                    }
                ],
                "positionY": [
                ]
            },
            "positionRelationType": 1,
            "positionType": 4096,
            "rotateCenter": [
                {
                    "x": 350,
                    "y": 313
                }
            ],
            "scale": {
                "scaleX": {
                    "pointA": [
                        {
                            "index": 110,
                            "x": 181.686,
                            "y": 266.534
                        }
                    ],
                    "pointB": [
                        {
                            "index": 111,
                            "x": 495.256,
                            "y": 266.534
                        }
                    ]
                },
                "scaleY": {
                    "pointA": [
                    ],
                    "pointB": [
                    ]
                }
            },
            "triggerDelay": 0,
            "triggerLoop": 0,
            "triggerStop": true,
            "triggerType": 4096,
            "width": 700,
            "zPosition": 2
        }
    },
    "version": "1.1"
}
